{"train_loss": [0.6908834973971049, 0.6883509357770284, 0.6857724587122599, 0.6823017597198486, 0.680061419804891, 0.6754243969917297, 0.6704822182655334, 0.6659026543299357, 0.660931666692098, 0.6563249230384827, 0.6500667929649353, 0.641280730565389, 0.6380833586057028, 0.6238749821980795, 0.6130396723747253, 0.6023612221082052, 0.5981119871139526, 0.5886117617289225, 0.5722583731015524, 0.5587971806526184, 0.5497139692306519, 0.5378667513529459, 0.5262535313765208, 0.525104304154714, 0.5034837424755096, 0.5053251187006632, 0.5001136461893717, 0.4852995276451111, 0.47628981868426007, 0.47582337260246277, 0.468173623085022, 0.46461133162180585, 0.4585484564304352, 0.46233101685841876, 0.4535035292307536, 0.45650185147921246, 0.45647292335828143, 0.45700615644454956, 0.4525672197341919, 0.4498918056488037, 0.44028839468955994, 0.4454626639684041, 0.4380779266357422, 0.4485252896944682, 0.4413191080093384, 0.4352983434995015, 0.44361579418182373, 0.4327618678410848, 0.4317825833956401, 0.4342206319173177], "test_loss": [0.6901232004165649, 0.6874315142631531, 0.6846045255661011, 0.681556761264801, 0.6781261563301086, 0.6742060780525208, 0.6698098182678223, 0.6649413108825684, 0.659500777721405, 0.6535870432853699, 0.6470974087715149, 0.6399184465408325, 0.6321086287498474, 0.6237123012542725, 0.6145530343055725, 0.6046094298362732, 0.5942110419273376, 0.5833942890167236, 0.5723883509635925, 0.5612008571624756, 0.5498877763748169, 0.5388393402099609, 0.5282114744186401, 0.5181126594543457, 0.5085278749465942, 0.49949923157691956, 0.4912302494049072, 0.48367446660995483, 0.47687485814094543, 0.4709235727787018, 0.4657120704650879, 0.46113401651382446, 0.4571574926376343, 0.45356303453445435, 0.4505603611469269, 0.44800880551338196, 0.4457760155200958, 0.4439527094364166, 0.44229191541671753, 0.4410249888896942, 0.43974512815475464, 0.43869516253471375, 0.4377490282058716, 0.4367888867855072, 0.43615415692329407, 0.43558913469314575, 0.4350699782371521, 0.4347898066043854, 0.4345724880695343, 0.4344826638698578]}